<?xml version="1.0" encoding="UTF-8" standalone="yes"?>
<manifest>
  <control namespace="ktcs" constructor="MultiSelectLookup" version="0.0.2" display-name-key="MultiSelectLookup" description-key="MultiSelectLookup description" control-type="virtual" api-version="1.3.11">
    <external-service-usage enabled="false"/>
    <data-set name="dataset" display-name-key="dataset"/>
    <property name="relationship" display-name-key="Relationship Name" description-key="(required) schemaname of the N:N relationship" of-type="SingleLine.Text" usage="input" required="true"/>
    <property name="allowAddNew" display-name-key="Allow Add New" description-key="(boolean) when True, adds an Add New button to the combobox dropdown" of-type="TwoOptions" usage="input" required="true"/>
    <property name="label" display-name-key="Label" description-key="(optional) display label for the lookup control (use this when the control is more than 33% of form width to avoid a visible horizontal divider)" of-type="SingleLine.Text" usage="input" required="false"/>
    <property name="labelLocation" display-name-key="Label Location" description-key="(optional) if using the in-control label, where to place the label" of-type="Enum" usage="input" required="false">
      <value name="Above" display-name-key="Yes">0</value>
      <value name="Beside" display-name-key="No">1</value>
    </property>
    <property name="labelWidth" display-name-key="Label Width" description-key="(optional, default: 140px) sets a max width to the label display. Label display widths are variable, depending on deployed release of platform and region, so use this parameter to tweak widths if it does not align with your existing columns." of-type="SingleLine.Text" usage="input" required="false"/>
    <property name="customFilter" display-name-key="Custom Filter" description-key="(optional) when searching for related records, use this odata $Filter expression to limit the searchable records (e.g. `statecode eq 0 and new_mycolumn eq false`)" of-type="SingleLine.Text" usage="input" required="false"/>
    <property name="customOrder" display-name-key="Custom Order" description-key="(optional) when searching for related records, use this odata $Order expression to sort the records (e.g. `modifiedon desc`). If not set, defaults to Relevance ranking of results rather than any one column" of-type="SingleLine.Text" usage="input" required="false"/>
    <property name="searchMode" display-name-key="Search Mode" description-key="Designates the search mode of the control. When set to Simple, the control does all filtering in memory, but only operates on the top 5k rows of the searched table. When set to Advanced, the control uses Dataverse Search to query for results as the user types." of-type="Enum" usage="input" required="false">
      <value name="Simple" display-name-key="Yes">0</value>
      <value name="Advanced" display-name-key="No">1</value>
    </property>
    <property name="matchWords" display-name-key="Match Terms" description-key="(optional, only applies when Advanced Search Mode is enabled) Designates the search term matching for multi-word search strings. All requires that results match ALL terms in the search string, any, allows results that match ANY of the terms" of-type="Enum" usage="input" required="false">
      <value name="All Words" display-name-key="Yes">0</value>
      <value name="Any Words" display-name-key="No">1</value>
    </property>
    <property name="bestEffort" display-name-key="Enable Best Effort Search" description-key="(optional, only applies when Advanced Search Mode is enabled) When True, allows Dataverse to return probable results when no good results are found otherwise" of-type="TwoOptions" usage="input" required="true"/>
    <resources>
      <code path="bundle.js" order="1"/>
      <platform-library name="React" version="16.8.6"/>
      <platform-library name="Fluent" version="8.29.0"/>
      <platform-library name="Fluent" version="9.4.0"/>
    </resources>
    <feature-usage>
      <uses-feature name="Utility" required="true"/>
      <uses-feature name="WebAPI" required="true"/>
    </feature-usage>
    <built-by name="pac" version="1.31.2"/>
  </control>
</manifest>